COLLEGE,INCOME,OVERAGE,LEFTOVER,HOUSE,HANDSET_PRICE,OVER_15MINS_CALLS_PER_MONTH,AVERAGE_CALL_DURATION,REPORTED_SATISFACTION,REPORTED_USAGE_LEVEL,CONSIDERING_CHANGE_OF_PLAN,result
one,86865,60,18,468304,294,4,1,unsat,very_little,considering,LEAVE
one,99131,0,51,236394,313,1,2,very_sat,very_high,considering,LEAVE
zero,116499,172,80,583319,673,22,2,very_sat,high,considering,LEAVE
zero,39615,74,0,521323,144,5,15,very_sat,little,no,LEAVE
zero,137678,53,10,238300,623,5,5,very_unsat,very_little,considering,LEAVE
zero,107356,64,22,499964,671,5,5,very_unsat,little,perhaps,LEAVE
zero,143731,72,17,180867,742,4,5,very_sat,little,considering,LEAVE
one,35616,154,17,235497,207,14,5,very_unsat,high,considering,LEAVE
one,36034,198,0,245512,155,29,15,very_sat,little,considering,LEAVE
one,62875,0,0,945379,701,1,10,avg,little,actively_looking_into_it,LEAVE
one,44765,60,8,168230,194,3,6,very_unsat,very_little,no,LEAVE
one,103203,239,0,953902,430,28,14,very_unsat,very_little,no,LEAVE
zero,106367,54,6,205678,630,5,6,very_sat,avg,no,LEAVE
one,102721,189,39,384962,549,23,1,unsat,high,never_thought,LEAVE
zero,131337,54,0,168103,426,4,2,avg,very_little,considering,LEAVE
one,26057,227,64,279704,131,4,2,very_unsat,avg,no,LEAVE
zero,76297,0,0,380030,380,1,10,very_sat,very_high,no,LEAVE
zero,131848,198,19,943186,620,10,5,unsat,little,actively_looking_into_it,LEAVE
zero,45250,228,66,457933,216,1,2,very_unsat,very_high,considering,LEAVE
zero,139327,184,0,763693,841,29,15,unsat,very_high,actively_looking_into_it,LEAVE
zero,45961,77,8,364730,190,3,5,very_sat,very_high,considering,LEAVE
zero,49578,163,0,980139,130,28,12,very_sat,very_little,actively_looking_into_it,LEAVE
zero,35384,181,72,514766,190,1,2,very_unsat,very_little,considering,LEAVE
one,41863,194,7,459256,165,29,5,very_sat,very_little,no,LEAVE
one,50163,0,14,357428,179,0,5,very_unsat,very_little,considering,LEAVE
zero,126126,191,22,540168,498,19,6,very_unsat,little,considering,LEAVE
zero,34600,237,46,288535,169,22,1,very_unsat,very_high,actively_looking_into_it,LEAVE
zero,93351,211,0,568730,314,1,8,very_unsat,very_little,never_thought,LEAVE
zero,106045,184,29,471057,683,15,2,very_unsat,little,never_thought,LEAVE
zero,74356,166,0,338630,385,19,5,very_sat,very_high,considering,LEAVE
zero,80477,0,0,561545,369,13,12,very_sat,very_high,no,LEAVE
zero,58363,190,32,897156,329,16,1,very_sat,avg,never_thought,LEAVE
one,93675,64,7,168842,308,0,4,unsat,high,considering,LEAVE
zero,90918,145,0,181561,281,13,8,avg,very_little,considering,LEAVE
one,151628,0,0,243838,823,0,14,very_unsat,little,considering,LEAVE
zero,143453,57,0,886388,564,4,10,unsat,very_high,actively_looking_into_it,LEAVE
zero,144907,183,21,164791,891,5,5,unsat,little,considering,LEAVE
zero,30510,58,28,253591,236,5,1,very_unsat,avg,no,LEAVE
one,119582,43,0,409398,890,5,6,very_unsat,very_little,considering,LEAVE
zero,46503,191,0,294189,134,26,15,avg,very_high,no,LEAVE
one,141073,201,23,587635,704,19,5,very_unsat,little,actively_looking_into_it,LEAVE
zero,49779,0,47,888229,163,1,2,avg,avg,actively_looking_into_it,LEAVE
one,65900,214,14,961585,313,0,5,very_unsat,very_high,no,LEAVE
one,95476,183,0,566503,322,17,11,very_sat,little,no,LEAVE
one,113385,0,0,333599,819,1,6,very_unsat,very_high,considering,LEAVE
zero,141808,210,23,659709,722,28,5,unsat,very_little,actively_looking_into_it,LEAVE
zero,159415,66,0,952781,432,4,10,very_unsat,very_high,actively_looking_into_it,LEAVE
zero,140959,0,24,259957,867,1,5,unsat,high,no,LEAVE
one,48343,161,0,307531,179,18,11,very_unsat,very_high,perhaps,LEAVE
one,36353,184,10,191211,174,5,6,unsat,very_little,considering,LEAVE
one,25396,67,0,403848,248,4,9,unsat,little,no,LEAVE
one,70829,158,21,267119,292,22,6,very_unsat,little,actively_looking_into_it,LEAVE
one,137061,58,75,778227,490,3,2,avg,high,considering,LEAVE
one,120594,187,21,177758,191,0,4,very_sat,very_little,no,LEAVE
zero,141952,233,0,385333,136,19,6,avg,avg,never_thought,LEAVE
one,140110,41,0,263558,470,3,1,very_unsat,high,considering,LEAVE
one,99512,58,63,164871,691,3,2,very_unsat,high,actively_looking_into_it,LEAVE
zero,130882,0,0,274679,143,0,15,very_sat,high,considering,LEAVE
zero,75107,164,17,242719,253,15,4,sat,very_high,considering,LEAVE
one,82406,0,45,245955,383,1,1,avg,very_little,considering,LEAVE
one,70419,41,77,331368,370,5,1,very_unsat,very_high,considering,LEAVE
zero,130405,280,58,896068,279,21,2,very_unsat,very_little,considering,LEAVE
zero,107983,197,0,196471,826,29,8,very_unsat,very_high,no,LEAVE
zero,46527,158,0,384756,230,27,4,very_unsat,very_high,actively_looking_into_it,LEAVE
zero,35603,163,17,553814,174,29,6,very_unsat,little,considering,LEAVE
one,59308,69,21,288796,344,5,5,very_unsat,little,never_thought,LEAVE
one,84023,141,8,271053,352,17,4,avg,little,never_thought,LEAVE
zero,129579,229,15,693674,447,27,5,avg,very_high,no,LEAVE
one,120240,212,15,169640,679,16,4,sat,little,actively_looking_into_it,LEAVE
one,78859,57,49,192232,319,3,1,very_sat,very_high,considering,LEAVE
one,78708,62,30,276938,263,3,2,very_sat,very_little,never_thought,LEAVE
one,110421,78,71,766096,200,3,8,very_sat,very_little,no,LEAVE
zero,143879,0,0,619165,690,3,11,very_unsat,avg,considering,LEAVE
zero,30272,63,52,154940,165,3,2,very_unsat,high,considering,LEAVE
one,85104,0,25,184407,343,1,1,unsat,little,considering,LEAVE
zero,125534,197,0,953117,621,28,12,very_unsat,very_high,no,LEAVE
zero,59191,258,0,509716,252,15,10,avg,avg,perhaps,LEAVE
zero,25114,244,20,186652,168,18,5,very_unsat,little,never_thought,LEAVE
one,98840,196,5,473153,437,25,5,very_unsat,very_high,considering,LEAVE
one,54238,191,83,522485,393,20,2,very_sat,high,considering,LEAVE
one,91059,144,10,188638,299,12,8,very_unsat,very_little,considering,LEAVE
one,49720,68,18,585641,163,4,5,very_unsat,little,perhaps,LEAVE
one,149439,225,48,753702,185,23,1,very_sat,little,no,LEAVE
one,140208,184,15,492729,400,17,14,very_sat,little,no,LEAVE
zero,23872,153,41,201534,132,28,1,very_sat,very_high,considering,LEAVE
one,154120,258,0,510505,558,18,15,very_unsat,very_high,considering,LEAVE
zero,126596,0,83,723934,870,12,2,very_unsat,little,perhaps,LEAVE
one,32730,185,14,460438,142,28,5,avg,very_high,no,LEAVE
one,92233,0,69,471421,318,0,1,very_unsat,avg,no,LEAVE
zero,122540,195,87,804330,202,23,2,very_unsat,little,considering,LEAVE
one,35964,0,66,383013,202,0,2,avg,very_little,no,LEAVE
one,84287,0,33,364499,363,0,1,unsat,high,considering,LEAVE
one,81142,185,0,337902,330,28,14,very_unsat,little,never_thought,LEAVE
one,154330,48,0,919902,488,4,10,very_unsat,avg,considering,LEAVE
one,51969,194,5,222180,762,21,6,very_unsat,little,considering,LEAVE
zero,91234,76,30,557870,286,5,1,sat,little,considering,LEAVE
one,20457,0,32,530281,144,5,1,sat,very_little,never_thought,LEAVE
zero,37973,0,75,237462,133,0,1,sat,very_little,never_thought,LEAVE
zero,56570,0,35,436221,309,1,13,very_sat,little,actively_looking_into_it,LEAVE
zero,100126,62,0,490643,658,5,13,unsat,high,considering,LEAVE
one,145727,0,0,852562,157,0,12,very_sat,very_high,perhaps,LEAVE
zero,36306,165,10,234400,170,18,4,very_unsat,little,no,LEAVE
zero,141693,239,25,635447,804,18,2,very_sat,little,no,LEAVE
one,148902,0,30,205617,595,1,1,unsat,very_high,actively_looking_into_it,LEAVE
zero,122755,78,20,294436,875,5,5,very_sat,little,actively_looking_into_it,LEAVE
zero,153062,88,84,547222,554,4,2,sat,very_high,perhaps,LEAVE
zero,52336,0,0,423367,259,1,13,very_sat,high,actively_looking_into_it,LEAVE
zero,67526,0,17,404440,368,0,4,very_sat,very_high,actively_looking_into_it,LEAVE
one,31565,224,62,227630,206,25,1,very_sat,little,no,LEAVE
zero,156281,169,0,558800,610,16,9,unsat,very_little,actively_looking_into_it,LEAVE
one,27268,242,0,215017,158,29,9,very_sat,very_high,considering,LEAVE
zero,49724,0,0,251171,138,0,11,unsat,high,considering,LEAVE
one,37828,57,0,222546,219,3,5,avg,little,no,LEAVE
one,29168,89,8,177630,199,4,5,avg,very_little,considering,LEAVE
one,95213,0,0,221664,350,1,13,very_unsat,very_little,never_thought,LEAVE
zero,43854,0,0,319792,143,1,11,unsat,high,considering,LEAVE
zero,147931,259,0,184218,858,21,8,very_unsat,little,considering,LEAVE
one,37013,0,0,438901,223,0,13,very_unsat,very_high,actively_looking_into_it,LEAVE
zero,144955,272,24,183639,874,16,6,very_sat,little,no,LEAVE
zero,54329,179,31,165617,326,28,2,very_sat,little,considering,LEAVE
zero,118749,50,23,435396,662,5,6,very_unsat,high,no,LEAVE
zero,80193,0,43,353559,308,1,1,unsat,high,no,LEAVE
zero,21802,0,64,324174,140,1,2,very_sat,little,considering,LEAVE
one,88818,47,0,549081,355,4,14,very_sat,little,actively_looking_into_it,LEAVE
one,114708,160,54,405991,544,28,1,very_sat,very_high,considering,LEAVE
zero,43486,192,10,929272,183,11,12,very_sat,very_little,actively_looking_into_it,LEAVE
one,129466,60,0,672504,732,3,12,sat,very_little,actively_looking_into_it,LEAVE
zero,80197,177,7,422991,472,5,5,avg,high,actively_looking_into_it,LEAVE
zero,34584,171,0,291291,240,20,8,very_unsat,high,perhaps,LEAVE
one,47044,0,18,572935,175,0,4,unsat,very_high,considering,LEAVE
zero,65038,0,71,992519,288,1,1,very_sat,very_little,considering,LEAVE
one,47067,0,0,416648,208,1,14,sat,high,no,LEAVE
zero,33590,182,70,195022,299,21,2,very_sat,very_little,considering,LEAVE
one,39739,174,59,259609,157,25,2,very_sat,high,perhaps,LEAVE
zero,143292,0,42,339826,808,0,2,unsat,very_little,actively_looking_into_it,LEAVE
one,40849,217,0,246242,166,17,12,avg,very_high,considering,LEAVE
one,141160,223,22,985606,486,25,4,very_unsat,little,considering,LEAVE
one,81645,143,0,410669,387,10,15,very_unsat,little,never_thought,LEAVE
one,120929,215,17,195065,642,10,4,very_unsat,little,considering,LEAVE
zero,105741,0,0,820755,457,1,11,avg,little,considering,LEAVE
one,27751,0,67,380831,158,0,2,unsat,very_high,actively_looking_into_it,LEAVE
one,100881,44,24,441388,825,4,6,very_sat,little,considering,LEAVE
one,47190,64,0,297516,247,3,15,sat,little,never_thought,LEAVE
one,24539,210,0,485535,168,26,10,avg,little,considering,LEAVE
zero,132376,177,16,399301,837,22,5,very_sat,little,actively_looking_into_it,LEAVE
one,149130,68,14,950673,571,3,5,very_unsat,high,considering,LEAVE
zero,130539,205,10,347192,717,3,5,sat,little,no,LEAVE
one,35781,0,20,416332,215,1,5,very_unsat,very_high,considering,LEAVE
one,122219,0,0,948616,834,1,12,very_unsat,very_high,considering,LEAVE
one,123610,0,43,214626,552,0,1,very_unsat,very_little,actively_looking_into_it,LEAVE
zero,121083,235,0,379688,669,12,11,very_unsat,very_high,considering,LEAVE
one,91188,219,0,789630,290,27,15,very_unsat,little,never_thought,LEAVE
one,59617,270,12,560653,270,10,6,very_sat,little,no,LEAVE
zero,21115,128,43,275690,137,0,1,very_unsat,very_little,considering,LEAVE
zero,60402,199,65,199762,206,28,2,very_unsat,little,actively_looking_into_it,LEAVE
zero,53576,52,24,584765,385,4,6,very_unsat,very_little,considering,LEAVE
one,150186,0,0,178654,470,1,6,avg,very_high,actively_looking_into_it,LEAVE
one,126131,0,61,918462,724,1,2,very_unsat,very_little,no,LEAVE
zero,32200,0,0,285832,225,1,8,very_unsat,little,considering,LEAVE
one,135482,182,89,178040,702,11,2,very_unsat,very_little,actively_looking_into_it,LEAVE
zero,49242,165,51,550740,178,11,2,very_unsat,avg,considering,LEAVE
zero,45977,163,6,520324,153,29,6,very_sat,little,considering,LEAVE
one,45403,29,24,482581,224,3,5,very_unsat,little,no,LEAVE
zero,104972,0,83,323760,682,0,2,very_unsat,very_high,actively_looking_into_it,LEAVE
one,158532,179,0,615411,570,15,8,avg,little,considering,LEAVE
one,151432,149,0,403646,577,13,9,avg,little,actively_looking_into_it,LEAVE
one,103324,99,56,581093,489,1,2,very_sat,very_little,considering,LEAVE
zero,39056,194,8,719070,212,15,6,very_unsat,very_high,considering,LEAVE
zero,153000,213,41,286292,768,11,2,very_sat,little,actively_looking_into_it,LEAVE
one,24517,164,47,501532,231,20,2,unsat,high,no,LEAVE
one,126759,0,43,776094,606,1,1,very_unsat,very_high,considering,LEAVE
one,49680,197,0,313599,206,3,1,very_unsat,avg,no,LEAVE
one,40170,0,19,336895,361,1,4,very_sat,very_high,actively_looking_into_it,LEAVE
zero,124405,174,0,990756,425,22,12,unsat,very_high,actively_looking_into_it,LEAVE
one,119768,224,9,990030,628,20,5,unsat,little,considering,LEAVE
one,27535,0,10,374054,235,1,6,very_unsat,little,considering,LEAVE
zero,82147,184,36,230491,141,21,1,avg,high,actively_looking_into_it,LEAVE
one,23025,108,0,555808,130,25,9,very_unsat,very_high,actively_looking_into_it,LEAVE
zero,138323,0,85,740075,697,1,2,avg,little,considering,LEAVE
zero,141969,0,14,788712,213,1,4,very_unsat,very_high,considering,LEAVE
zero,138151,56,0,254982,729,5,9,very_unsat,very_high,considering,LEAVE
one,106211,67,16,564948,530,24,5,very_unsat,very_high,actively_looking_into_it,LEAVE
zero,62490,149,0,447404,351,22,8,very_sat,little,considering,LEAVE
one,37546,213,84,193208,150,21,9,unsat,little,considering,LEAVE
zero,51073,64,78,249257,221,3,2,very_sat,little,perhaps,LEAVE
zero,75842,206,0,187501,298,21,13,very_sat,avg,no,LEAVE
zero,126836,183,67,355799,672,20,2,very_unsat,high,considering,LEAVE
zero,136128,161,59,856530,604,20,2,very_sat,very_high,no,LEAVE
one,94715,207,0,292567,343,29,4,avg,little,considering,LEAVE
one,33282,258,14,925576,142,18,6,unsat,little,considering,LEAVE
zero,41629,44,19,192376,173,5,5,very_unsat,very_little,never_thought,LEAVE
one,49482,62,24,336082,203,5,6,very_unsat,little,actively_looking_into_it,LEAVE
zero,71279,218,0,311250,312,17,13,avg,little,actively_looking_into_it,LEAVE
zero,77448,31,88,224009,254,3,13,very_sat,very_high,no,LEAVE
zero,42470,220,0,231632,148,27,11,very_sat,high,considering,LEAVE
one,151574,128,0,705220,848,5,2,avg,little,considering,LEAVE
one,149802,62,0,574852,653,5,14,very_unsat,little,considering,LEAVE
zero,107052,223,7,990925,539,12,6,very_unsat,very_high,no,LEAVE
zero,72838,58,35,488999,259,3,1,very_unsat,avg,perhaps,LEAVE
zero,82604,221,9,513154,400,13,6,unsat,high,considering,LEAVE
zero,23852,191,13,289893,249,18,15,unsat,little,considering,LEAVE
one,137302,0,0,305734,755,0,12,very_unsat,very_little,considering,LEAVE
zero,95472,183,85,789736,367,17,1,sat,very_high,no,LEAVE
one,56649,150,29,596720,288,14,2,unsat,little,actively_looking_into_it,LEAVE
zero,37682,216,0,237262,165,15,15,very_unsat,very_high,no,LEAVE
zero,131362,194,48,864420,687,21,2,very_unsat,very_high,no,LEAVE
one,43713,0,0,312170,245,0,13,very_unsat,avg,actively_looking_into_it,LEAVE
zero,55850,218,0,181980,395,20,10,very_sat,very_high,actively_looking_into_it,LEAVE
zero,36922,75,0,447203,191,27,10,very_sat,little,considering,LEAVE
one,103605,50,76,322901,878,3,1,very_unsat,high,never_thought,LEAVE
one,131466,49,10,323414,880,5,4,unsat,very_high,considering,LEAVE
one,126497,0,7,798073,452,1,6,avg,very_little,never_thought,LEAVE
zero,62628,69,14,817429,389,0,5,very_unsat,very_high,no,LEAVE
zero,119263,182,20,434497,528,3,1,very_unsat,little,no,LEAVE
zero,64847,200,10,480179,317,22,4,very_sat,little,considering,LEAVE
one,105889,58,0,482812,421,3,12,very_unsat,very_little,considering,LEAVE
zero,30258,225,8,577227,197,21,6,avg,very_high,considering,LEAVE
zero,88695,67,0,158808,395,4,11,unsat,little,never_thought,LEAVE
zero,154696,152,0,400019,299,13,15,very_unsat,very_little,actively_looking_into_it,LEAVE
zero,49040,41,0,378773,131,5,14,very_sat,very_little,considering,LEAVE
one,21095,202,86,468232,167,16,1,very_unsat,very_high,considering,LEAVE
one,105821,120,21,225669,850,22,4,very_sat,very_little,no,LEAVE
one,137369,219,0,279082,422,27,15,avg,avg,considering,LEAVE
zero,67563,118,15,691688,299,14,5,very_unsat,very_little,no,LEAVE
one,32260,0,12,376631,352,0,4,very_sat,very_high,actively_looking_into_it,LEAVE
one,47125,51,59,183761,217,5,2,very_unsat,very_little,considering,LEAVE
zero,49663,221,0,598536,236,12,15,very_unsat,very_little,considering,LEAVE
zero,97124,0,62,301427,313,0,2,very_unsat,very_little,actively_looking_into_it,LEAVE
zero,102970,219,58,195252,696,16,2,avg,very_high,considering,LEAVE
zero,79054,165,12,177411,351,27,4,avg,very_little,actively_looking_into_it,LEAVE
zero,103029,0,35,897923,436,1,2,very_sat,very_high,actively_looking_into_it,LEAVE
one,39839,0,0,498578,203,1,15,unsat,little,no,LEAVE
zero,74203,174,35,269405,349,24,2,very_sat,little,actively_looking_into_it,LEAVE
zero,78880,46,6,336514,334,5,6,very_unsat,little,considering,LEAVE
zero,97893,212,0,275692,315,0,10,very_unsat,very_little,considering,LEAVE
zero,82996,0,0,150125,386,1,14,very_sat,very_high,considering,LEAVE
zero,46154,0,45,309170,229,0,2,very_sat,little,considering,LEAVE
one,21873,101,5,328132,178,3,5,unsat,little,considering,LEAVE
zero,55484,219,13,561083,303,11,6,very_sat,very_little,considering,LEAVE
zero,71442,126,70,447746,275,28,14,very_unsat,high,considering,LEAVE
zero,46274,224,0,172600,190,15,12,very_unsat,very_little,actively_looking_into_it,LEAVE
zero,150733,0,48,621231,678,0,1,very_unsat,very_little,no,LEAVE
one,65409,186,5,470440,336,22,5,very_sat,little,no,LEAVE
zero,94549,99,50,249786,254,13,1,very_sat,little,no,LEAVE
one,68159,178,0,449453,292,23,15,very_sat,very_high,considering,LEAVE
one,153177,59,0,477308,536,3,9,sat,high,considering,LEAVE
one,52232,138,0,209527,362,24,14,very_sat,little,no,LEAVE
one,53581,234,0,584366,395,29,9,avg,very_little,never_thought,LEAVE
one,23837,0,0,496573,211,1,10,very_sat,very_little,actively_looking_into_it,LEAVE
one,30007,0,0,305287,190,0,13,very_unsat,little,considering,LEAVE
zero,96997,216,16,627174,328,22,1,unsat,little,considering,LEAVE
one,29617,0,87,924585,298,1,1,avg,little,considering,LEAVE
one,143122,217,20,502318,859,18,4,unsat,little,perhaps,LEAVE
zero,149178,209,89,185537,240,26,5,unsat,very_little,considering,LEAVE
zero,21890,0,0,333230,218,0,6,unsat,little,actively_looking_into_it,LEAVE
one,51924,0,13,293022,309,0,4,avg,very_high,no,LEAVE
one,88826,0,0,204327,273,0,14,very_sat,little,considering,LEAVE
one,46311,0,0,795188,153,1,8,very_unsat,very_little,considering,LEAVE
zero,56115,161,0,379828,337,18,8,very_unsat,very_high,actively_looking_into_it,LEAVE
zero,54895,225,0,590830,304,16,15,very_unsat,very_high,no,LEAVE
zero,73074,153,0,411312,391,27,10,very_unsat,very_high,considering,LEAVE
zero,151366,221,82,775221,553,24,1,very_sat,little,considering,LEAVE
one,39993,0,19,531353,244,1,6,very_sat,very_little,actively_looking_into_it,LEAVE
zero,26092,57,16,205542,178,3,6,very_unsat,very_little,considering,LEAVE
one,28981,169,18,569499,239,10,6,unsat,little,considering,LEAVE
one,23449,52,81,650513,208,3,4,very_unsat,high,considering,LEAVE
one,104726,164,0,264178,473,24,12,very_unsat,very_high,actively_looking_into_it,LEAVE
one,151155,74,0,169335,744,3,14,very_unsat,very_high,no,LEAVE
one,147937,201,0,313443,889,18,14,unsat,very_little,actively_looking_into_it,LEAVE
zero,128237,76,52,900542,432,4,2,very_unsat,very_high,considering,LEAVE
one,132891,61,18,951069,662,4,4,very_sat,avg,considering,LEAVE
zero,29174,201,66,158650,178,26,1,unsat,little,considering,LEAVE
one,67983,191,0,207208,384,19,14,very_unsat,very_high,no,LEAVE
one,108586,0,29,943974,712,0,1,avg,little,no,LEAVE
one,89672,214,59,231264,271,27,2,unsat,little,never_thought,LEAVE
zero,159536,0,63,738333,896,0,1,unsat,very_little,considering,LEAVE
zero,111435,0,71,428106,621,0,2,very_unsat,very_little,actively_looking_into_it,LEAVE
zero,40042,0,0,460643,193,1,10,avg,little,considering,LEAVE
one,91851,198,70,217315,552,13,2,sat,little,considering,LEAVE
one,131717,205,84,562874,630,24,1,very_unsat,high,perhaps,LEAVE
one,94016,47,0,330128,376,3,10,very_unsat,very_high,actively_looking_into_it,LEAVE
one,157976,0,57,742255,588,0,1,avg,very_little,no,LEAVE
one,83204,197,52,503106,373,13,1,unsat,very_high,considering,LEAVE
one,26446,56,0,222689,240,3,10,unsat,little,considering,LEAVE
one,28885,0,15,572327,228,1,14,very_unsat,high,never_thought,LEAVE
one,158353,174,21,812932,719,13,6,very_unsat,little,actively_looking_into_it,LEAVE
one,62138,194,58,441201,216,13,1,very_unsat,little,no,LEAVE
zero,28357,168,67,180058,185,17,2,very_unsat,very_little,considering,LEAVE
one,32678,0,66,151069,220,1,1,very_unsat,very_little,considering,LEAVE
zero,40965,64,17,205210,206,4,6,very_unsat,little,actively_looking_into_it,LEAVE
one,117887,0,39,541554,630,1,2,unsat,little,no,LEAVE
zero,111757,193,0,625435,798,25,9,very_sat,little,no,LEAVE
zero,77316,0,29,228148,293,10,1,very_unsat,little,considering,LEAVE
one,43313,46,0,957517,159,4,11,unsat,very_little,actively_looking_into_it,LEAVE
one,159273,221,17,473121,592,15,4,unsat,very_high,no,LEAVE
zero,123995,0,0,732469,511,1,14,unsat,very_high,considering,LEAVE
one,45438,223,54,334673,171,20,1,very_sat,high,no,LEAVE
one,49114,237,85,696823,197,1,1,unsat,little,considering,LEAVE
zero,83947,58,74,215552,377,23,2,very_sat,little,never_thought,LEAVE
zero,147410,161,0,227336,461,4,8,unsat,little,perhaps,LEAVE
one,23537,50,0,641569,375,3,15,very_unsat,little,no,LEAVE
zero,98453,64,68,185101,255,4,2,very_unsat,very_little,perhaps,LEAVE
one,82947,226,69,509306,379,24,1,very_unsat,high,perhaps,LEAVE
one,27331,0,42,337906,217,1,1,unsat,high,considering,LEAVE
one,31799,238,44,246763,232,20,1,very_sat,very_little,considering,LEAVE
zero,121710,25,17,557764,687,5,4,very_sat,little,considering,LEAVE
one,46225,176,19,263891,246,23,4,very_unsat,avg,actively_looking_into_it,LEAVE
zero,134498,0,0,235495,461,1,11,unsat,high,no,LEAVE
zero,27739,168,0,524347,217,25,10,unsat,very_little,actively_looking_into_it,LEAVE
zero,149362,74,50,967417,624,4,2,unsat,high,considering,LEAVE
zero,134900,217,0,153118,673,27,15,very_unsat,very_high,actively_looking_into_it,LEAVE
zero,43759,163,55,241472,212,10,2,very_unsat,little,actively_looking_into_it,LEAVE
one,52599,209,33,464939,321,1,1,very_unsat,very_little,no,LEAVE
zero,122135,45,17,319450,781,5,4,very_unsat,very_little,considering,LEAVE
one,28239,0,0,410188,394,1,13,very_sat,very_high,never_thought,LEAVE
zero,117878,55,0,260962,473,12,12,very_sat,little,perhaps,LEAVE
zero,27888,176,0,242119,228,28,6,unsat,high,considering,LEAVE
one,155799,45,0,545642,432,1,12,very_sat,very_little,actively_looking_into_it,LEAVE
one,29069,0,57,370641,209,0,1,very_unsat,little,considering,LEAVE
one,23756,184,0,927687,197,15,10,very_unsat,very_little,no,LEAVE
one,130516,176,14,312724,871,11,4,sat,very_high,considering,LEAVE
one,150246,239,69,184259,481,11,12,sat,little,no,LEAVE
one,155625,172,12,907618,885,26,5,very_sat,little,perhaps,LEAVE
one,61243,174,0,998519,381,25,15,unsat,little,considering,LEAVE
zero,52943,38,16,675198,277,5,6,unsat,very_high,actively_looking_into_it,LEAVE
zero,27385,185,0,885827,199,13,14,very_unsat,very_little,no,LEAVE
one,36180,0,0,222379,290,0,15,avg,very_high,considering,LEAVE
one,142895,183,0,529329,610,13,10,very_unsat,little,never_thought,LEAVE
one,24992,0,0,474396,240,0,11,very_unsat,little,actively_looking_into_it,LEAVE
zero,107481,63,31,162506,451,3,1,sat,very_little,no,LEAVE
zero,21040,216,79,209060,202,20,2,unsat,little,no,LEAVE
one,144388,81,34,898636,557,4,1,very_unsat,little,considering,LEAVE
zero,46681,207,16,449569,154,4,6,very_unsat,very_little,considering,LEAVE
one,137703,0,32,211248,626,0,9,very_unsat,high,considering,LEAVE
zero,80358,72,13,742211,259,3,4,very_sat,very_little,never_thought,LEAVE
one,114178,185,0,509062,504,29,9,very_unsat,high,actively_looking_into_it,LEAVE
one,118844,49,77,175092,647,4,1,very_sat,very_little,considering,LEAVE
zero,46762,213,0,451911,357,18,15,very_unsat,very_high,considering,LEAVE
zero,46633,57,15,496161,231,5,5,very_unsat,little,perhaps,LEAVE
one,20949,0,50,482071,168,0,2,very_sat,very_little,no,LEAVE
zero,124960,0,75,989309,351,1,2,very_unsat,little,considering,LEAVE
one,128026,0,0,185791,727,0,11,very_unsat,little,never_thought,LEAVE
one,129464,139,0,250838,675,21,1,very_unsat,very_high,considering,LEAVE
one,20326,88,0,890153,240,5,11,very_unsat,very_high,considering,LEAVE
one,148349,0,70,444371,716,1,4,very_unsat,very_little,never_thought,LEAVE
zero,45258,61,87,247355,359,5,9,very_unsat,very_high,no,LEAVE
one,37219,186,0,228331,131,29,11,very_unsat,very_little,considering,LEAVE
one,20233,160,0,252195,163,24,5,very_sat,little,no,LEAVE
zero,126178,69,16,790978,792,5,5,very_sat,little,never_thought,LEAVE
one,123176,220,0,172466,819,17,14,avg,very_high,actively_looking_into_it,LEAVE
one,149673,69,5,298950,771,3,4,very_unsat,little,actively_looking_into_it,LEAVE
one,105622,178,0,278281,434,18,13,sat,very_high,actively_looking_into_it,LEAVE
one,48377,60,11,239012,215,1,6,very_unsat,very_high,considering,LEAVE
one,35045,58,19,371235,140,3,6,very_sat,high,considering,LEAVE
one,121020,0,75,195566,523,0,2,very_sat,very_high,considering,LEAVE
one,20007,36,23,251334,217,4,6,very_sat,little,no,LEAVE
one,89439,47,7,475034,376,4,6,very_unsat,very_high,actively_looking_into_it,LEAVE
one,41537,33,33,293095,175,4,2,unsat,very_little,considering,LEAVE
zero,125049,0,0,517315,557,1,9,unsat,very_high,considering,LEAVE
zero,149008,201,0,865600,487,27,15,unsat,avg,considering,LEAVE
one,136426,195,23,241994,573,4,1,very_sat,very_high,considering,LEAVE
one,148790,0,57,709354,679,0,6,very_sat,very_little,considering,LEAVE
one,28776,60,8,590968,238,5,5,very_unsat,high,considering,LEAVE
zero,109784,193,34,347258,654,19,2,sat,very_little,considering,LEAVE
zero,114070,45,78,558303,209,5,1,very_sat,little,no,LEAVE
zero,143904,51,52,183639,448,1,8,very_sat,avg,considering,LEAVE
one,126485,156,0,155016,701,25,8,very_sat,little,considering,LEAVE
one,44468,232,12,180545,131,5,6,unsat,very_little,perhaps,LEAVE
zero,131085,145,0,627963,790,15,9,very_sat,little,considering,LEAVE
zero,112219,192,0,992777,655,16,9,unsat,avg,considering,LEAVE
zero,102682,65,13,447901,697,5,2,very_sat,very_little,no,LEAVE
zero,22626,54,0,232977,202,5,15,unsat,little,considering,LEAVE
one,129679,220,12,723325,684,22,1,unsat,very_high,no,LEAVE
one,41177,171,0,448516,342,10,12,very_sat,little,considering,LEAVE
zero,121210,47,89,223661,448,5,1,avg,very_little,actively_looking_into_it,LEAVE
one,93783,221,0,239656,319,15,4,very_sat,very_little,actively_looking_into_it,LEAVE
zero,131121,0,86,454841,439,0,1,unsat,very_high,considering,LEAVE
one,104497,70,33,336317,712,4,1,very_sat,little,never_thought,LEAVE
one,40987,159,66,150330,151,27,2,very_unsat,little,actively_looking_into_it,LEAVE
one,36500,0,81,292625,233,0,1,unsat,little,no,LEAVE
zero,47762,0,0,224162,166,0,1,very_unsat,little,considering,LEAVE
zero,44390,0,55,188556,132,0,2,very_sat,very_little,considering,LEAVE
zero,47718,38,15,252386,147,4,5,avg,little,considering,LEAVE
zero,153966,167,61,270817,680,15,11,unsat,little,considering,LEAVE
one,92537,0,71,579569,310,1,2,very_unsat,little,actively_looking_into_it,LEAVE
one,79197,64,0,268908,378,5,13,very_unsat,high,considering,LEAVE
zero,138911,193,0,947805,862,26,15,avg,very_little,never_thought,LEAVE
one,54303,82,23,202020,385,3,5,very_unsat,very_little,no,LEAVE
zero,138133,191,67,540755,833,12,1,very_sat,very_high,no,LEAVE
one,128904,0,12,635075,412,1,5,sat,little,no,LEAVE
zero,78308,59,51,531990,315,3,4,very_unsat,very_little,considering,LEAVE
zero,79175,65,40,175419,257,5,2,unsat,little,considering,LEAVE
one,150212,48,54,979060,570,3,11,very_unsat,very_little,considering,LEAVE
zero,60769,163,19,424296,284,16,5,very_unsat,little,never_thought,LEAVE
one,127740,158,0,476765,581,17,12,very_unsat,little,considering,LEAVE
one,75512,65,67,299006,135,5,1,very_unsat,avg,actively_looking_into_it,LEAVE
one,46595,196,0,435690,185,24,8,very_unsat,little,perhaps,LEAVE
zero,104753,0,0,229479,542,20,13,very_sat,very_high,never_thought,LEAVE
zero,112045,218,0,314455,816,20,9,very_unsat,avg,considering,LEAVE
one,49829,201,31,701779,173,11,2,very_unsat,little,no,LEAVE
zero,26647,0,0,356593,235,1,15,unsat,high,actively_looking_into_it,LEAVE
one,110090,0,0,849805,722,1,13,very_unsat,little,actively_looking_into_it,LEAVE
one,27851,209,0,196118,475,10,15,avg,very_high,considering,LEAVE
one,37243,45,0,545466,173,3,12,very_unsat,little,never_thought,LEAVE
one,81161,66,68,289439,266,5,1,very_sat,little,actively_looking_into_it,LEAVE
zero,40285,42,25,162815,257,5,2,very_sat,very_high,actively_looking_into_it,LEAVE
zero,133164,200,0,265884,866,24,12,very_sat,little,considering,LEAVE
zero,107129,72,0,335460,475,5,15,very_sat,very_high,never_thought,LEAVE
one,38001,99,0,431156,182,4,14,very_unsat,very_little,no,LEAVE
zero,154681,0,43,352647,597,0,1,very_sat,very_high,actively_looking_into_it,LEAVE
one,94801,200,7,518975,287,12,6,very_sat,high,no,LEAVE
one,98831,217,0,196388,344,27,8,very_sat,very_high,actively_looking_into_it,LEAVE
one,121075,167,53,965525,797,25,2,very_sat,high,no,LEAVE
one,30208,93,0,161510,169,3,12,sat,very_high,never_thought,LEAVE
zero,153150,0,44,284611,548,1,1,unsat,little,considering,LEAVE
zero,21536,73,74,364884,191,0,2,sat,very_little,considering,LEAVE
one,35645,193,0,153797,247,23,10,very_unsat,avg,never_thought,LEAVE
zero,125511,0,0,162564,619,0,1,very_sat,high,considering,LEAVE
one,57294,0,0,155649,376,1,11,unsat,high,no,LEAVE
zero,71102,0,0,180593,336,0,13,very_sat,very_high,never_thought,LEAVE
one,118765,67,50,259887,462,5,2,very_unsat,very_high,no,LEAVE
one,130641,0,41,577605,622,0,2,very_sat,little,considering,LEAVE
one,76285,158,89,260797,292,14,2,very_sat,little,no,LEAVE
one,143313,0,6,846955,771,1,2,very_sat,little,considering,LEAVE
one,56819,195,23,654612,263,29,4,unsat,very_high,no,LEAVE
one,64779,62,85,247953,393,3,1,sat,very_little,never_thought,LEAVE
zero,35468,0,62,559911,218,1,2,very_sat,little,never_thought,LEAVE
one,47034,81,0,464966,221,3,13,unsat,high,actively_looking_into_it,LEAVE
one,141794,249,55,196796,790,10,2,very_unsat,very_little,considering,LEAVE
one,97864,51,56,169916,369,1,2,very_unsat,very_high,no,LEAVE
one,137770,150,28,531551,274,13,4,very_unsat,little,actively_looking_into_it,LEAVE
zero,22465,46,22,928448,134,3,5,unsat,high,actively_looking_into_it,LEAVE
one,97165,71,0,253563,370,28,14,unsat,little,actively_looking_into_it,LEAVE
zero,62988,184,17,472491,375,22,6,unsat,little,no,LEAVE
zero,133986,196,9,918689,424,18,6,very_unsat,very_little,considering,LEAVE
one,54978,59,65,242755,329,5,4,very_sat,little,considering,LEAVE
one,22416,47,31,419311,194,5,1,very_unsat,little,considering,LEAVE
one,45270,209,0,284545,141,11,14,unsat,very_little,considering,LEAVE
one,35672,0,79,256206,163,1,2,very_sat,little,considering,LEAVE
zero,88132,69,68,590122,378,3,9,unsat,little,considering,LEAVE
one,57659,207,67,242754,333,25,2,very_unsat,high,considering,LEAVE
zero,94756,0,0,208625,335,0,14,sat,little,no,LEAVE
one,119641,0,5,253345,833,0,4,very_unsat,little,considering,LEAVE
zero,43001,230,22,234274,177,15,4,unsat,little,never_thought,LEAVE
zero,44431,0,0,526596,297,1,15,very_sat,very_little,never_thought,LEAVE
zero,50831,210,86,224037,384,4,1,very_sat,very_high,actively_looking_into_it,LEAVE
one,97543,231,0,539754,379,17,15,very_sat,very_high,considering,LEAVE
zero,69190,0,75,286811,341,0,2,very_sat,very_high,actively_looking_into_it,LEAVE
one,147222,0,0,810379,451,0,9,very_unsat,little,no,LEAVE
one,118436,232,55,842943,416,20,1,very_sat,little,actively_looking_into_it,LEAVE
zero,25716,0,0,240213,241,0,14,avg,very_high,considering,LEAVE
one,31886,218,15,375539,153,26,4,unsat,very_high,considering,LEAVE
zero,80504,0,46,173814,255,1,2,very_unsat,little,actively_looking_into_it,LEAVE
zero,98011,202,20,235868,253,16,4,very_unsat,little,perhaps,LEAVE
one,114611,67,22,596015,488,5,4,very_unsat,avg,actively_looking_into_it,LEAVE
zero,154462,0,31,886336,576,1,1,very_unsat,very_high,actively_looking_into_it,LEAVE
one,54651,58,0,532860,305,4,9,very_unsat,very_high,actively_looking_into_it,LEAVE
zero,64242,199,16,166811,365,25,4,very_sat,very_little,considering,LEAVE
one,44034,0,0,526366,184,0,14,unsat,very_little,no,LEAVE
zero,105821,152,0,267795,791,20,14,very_sat,little,considering,LEAVE
one,133356,129,23,764249,151,18,4,very_unsat,little,no,LEAVE
zero,152516,0,39,246561,714,3,1,avg,little,no,LEAVE
one,102720,0,0,951954,446,0,10,unsat,very_little,actively_looking_into_it,LEAVE
zero,121743,0,87,241183,493,0,2,very_sat,very_high,no,LEAVE
one,67285,220,6,228821,351,25,5,very_unsat,high,actively_looking_into_it,LEAVE
zero,37335,0,0,466327,233,1,14,avg,very_little,considering,LEAVE
zero,98987,226,24,523403,399,12,15,very_unsat,little,never_thought,LEAVE
one,79974,208,36,326431,392,16,2,very_unsat,very_high,never_thought,LEAVE
zero,129434,175,6,327184,527,27,6,very_sat,very_high,actively_looking_into_it,LEAVE
one,23165,183,24,170976,198,10,5,very_unsat,little,considering,LEAVE
one,149449,143,37,204948,730,4,2,unsat,little,considering,LEAVE
zero,106079,0,41,688666,668,0,1,very_sat,little,actively_looking_into_it,LEAVE
zero,52448,0,44,479439,267,15,1,very_unsat,little,actively_looking_into_it,LEAVE
zero,21927,66,87,625875,241,1,1,very_unsat,very_high,never_thought,LEAVE
zero,77449,186,6,558255,359,21,6,very_sat,very_high,actively_looking_into_it,LEAVE
zero,125613,44,14,402417,634,4,6,very_unsat,little,actively_looking_into_it,LEAVE
one,37998,0,14,390306,246,0,6,very_unsat,little,considering,LEAVE
one,78189,222,0,225741,301,13,10,unsat,high,no,LEAVE
one,43275,123,62,834120,209,24,1,very_unsat,little,considering,LEAVE
one,128957,239,9,220500,887,11,6,very_unsat,little,considering,LEAVE
one,151311,0,0,294544,820,0,14,very_sat,very_high,considering,LEAVE
one,28828,40,7,304297,190,5,6,very_sat,very_little,no,LEAVE
one,71202,184,22,561409,290,20,5,very_unsat,very_little,actively_looking_into_it,LEAVE
zero,69417,52,88,686029,331,3,2,very_unsat,little,actively_looking_into_it,LEAVE
zero,100623,63,5,788597,710,1,4,very_unsat,little,considering,LEAVE
zero,75128,231,0,299823,329,11,11,very_sat,very_high,considering,LEAVE
one,48362,61,85,491920,246,3,1,very_sat,high,no,LEAVE
zero,150630,217,13,941505,652,11,4,very_unsat,high,never_thought,LEAVE
zero,127876,34,82,212090,427,3,1,unsat,high,considering,LEAVE
one,57022,75,15,262863,374,4,5,unsat,little,no,LEAVE
zero,59588,78,0,858419,267,4,13,unsat,little,perhaps,LEAVE
zero,157765,26,89,902948,686,4,2,very_sat,little,considering,LEAVE
one,60781,193,32,378274,333,27,1,unsat,little,never_thought,LEAVE
zero,45333,74,0,580815,199,5,6,avg,little,actively_looking_into_it,LEAVE
one,89711,0,0,394683,357,0,10,very_unsat,very_high,considering,LEAVE
zero,76071,0,74,959609,323,0,2,very_unsat,very_little,actively_looking_into_it,LEAVE
zero,127290,235,16,266227,873,20,2,very_unsat,little,actively_looking_into_it,LEAVE
zero,31122,55,54,175259,273,3,1,very_sat,high,never_thought,LEAVE
one,146338,76,18,910072,448,3,6,very_sat,very_little,considering,LEAVE
zero,125384,61,41,782532,537,3,2,very_sat,little,considering,LEAVE
zero,118797,220,0,398173,683,18,2,very_unsat,little,considering,LEAVE
one,88703,0,43,362851,257,0,2,unsat,very_high,never_thought,LEAVE
zero,113223,0,0,450811,792,0,9,very_sat,very_high,actively_looking_into_it,LEAVE
one,121750,66,58,233286,603,4,1,very_unsat,very_little,considering,LEAVE
one,129382,0,0,410641,740,1,11,unsat,little,considering,LEAVE
zero,123879,184,23,946813,740,14,4,very_unsat,very_high,no,LEAVE
zero,142055,226,56,278019,587,12,2,very_sat,little,no,LEAVE
one,31007,179,0,324768,187,17,14,very_sat,very_high,considering,LEAVE
one,78281,236,0,460967,344,24,9,very_sat,very_high,considering,LEAVE
one,118726,211,0,283461,213,18,11,very_unsat,little,never_thought,LEAVE
zero,40780,209,18,680403,150,22,5,very_sat,high,actively_looking_into_it,LEAVE
zero,147808,39,29,550047,549,4,1,unsat,little,considering,LEAVE
one,104269,70,0,501302,489,5,11,very_unsat,little,considering,LEAVE
one,28547,57,87,453647,396,4,1,unsat,very_little,never_thought,LEAVE
one,77869,174,20,353722,340,10,4,very_sat,very_high,considering,LEAVE
one,39398,85,29,797879,135,3,2,sat,little,considering,LEAVE
one,154608,0,0,239443,811,1,14,unsat,little,considering,LEAVE
one,153285,58,47,556983,613,4,1,very_unsat,very_high,considering,LEAVE
one,124164,33,15,529346,432,3,4,very_unsat,very_little,actively_looking_into_it,LEAVE
one,37738,0,10,592910,138,1,5,very_unsat,very_little,considering,LEAVE
one,24418,0,70,385571,150,1,2,unsat,little,considering,LEAVE
zero,153361,192,0,543792,584,29,12,very_sat,little,considering,LEAVE
one,153784,158,73,762014,784,15,2,very_unsat,very_little,actively_looking_into_it,LEAVE
zero,33445,182,84,201373,155,10,2,very_unsat,high,no,LEAVE
one,90339,180,0,274951,272,14,10,very_unsat,very_little,actively_looking_into_it,LEAVE
zero,36617,217,27,394446,200,25,1,very_sat,little,considering,LEAVE
zero,46441,0,0,508009,200,1,15,very_unsat,very_little,no,LEAVE
zero,144896,184,53,455342,806,13,1,very_unsat,high,perhaps,LEAVE
one,23124,69,6,916261,198,5,6,very_sat,very_high,considering,LEAVE
zero,98580,238,0,327032,369,16,12,very_unsat,very_high,considering,LEAVE
one,43178,42,47,287907,155,0,8,sat,little,considering,LEAVE
one,100196,227,0,541122,757,15,11,avg,little,no,LEAVE
one,27707,53,15,409773,170,4,5,very_sat,little,no,LEAVE
one,40650,245,0,266920,243,24,14,very_unsat,little,considering,LEAVE
zero,85716,202,0,419080,357,26,11,very_unsat,high,no,LEAVE
zero,83479,219,18,531628,323,28,4,unsat,little,considering,LEAVE
zero,134751,204,36,761322,683,11,1,very_sat,little,actively_looking_into_it,LEAVE
one,57711,61,0,208138,313,3,12,avg,very_high,considering,LEAVE
one,133417,210,0,166004,729,28,12,very_unsat,very_little,considering,LEAVE
zero,146435,186,23,479834,731,13,4,very_unsat,very_little,never_thought,LEAVE
one,138787,209,17,259506,881,20,5,very_unsat,little,no,LEAVE
one,68702,53,86,789745,382,4,1,very_unsat,little,considering,LEAVE
zero,144464,161,63,273108,806,12,1,very_unsat,very_little,actively_looking_into_it,LEAVE
one,20818,185,17,541229,197,14,4,very_unsat,little,actively_looking_into_it,LEAVE
zero,22303,0,67,477464,227,1,1,very_sat,little,actively_looking_into_it,LEAVE
one,84470,28,14,476373,137,3,2,very_unsat,very_high,no,LEAVE
one,50815,43,9,275620,358,24,6,very_unsat,very_little,never_thought,LEAVE
one,109007,63,11,518640,669,3,5,very_sat,very_high,perhaps,LEAVE
zero,110585,198,23,323935,779,28,2,very_unsat,avg,no,LEAVE
zero,124120,197,0,159920,685,0,14,avg,little,no,LEAVE
one,42013,31,16,226047,142,4,6,very_unsat,little,no,LEAVE
one,99867,261,0,298807,359,10,9,avg,little,considering,LEAVE
one,77029,77,32,152254,312,5,1,unsat,little,considering,LEAVE
one,131181,195,0,798676,714,15,6,very_unsat,little,considering,LEAVE
zero,83700,0,0,414747,380,1,15,very_unsat,very_high,perhaps,LEAVE
one,25522,0,9,428371,209,0,6,very_unsat,little,considering,LEAVE
one,62412,0,0,307866,287,1,9,very_sat,very_high,considering,LEAVE
zero,116566,177,0,283892,454,10,14,unsat,little,considering,LEAVE
zero,96032,0,0,664453,352,1,10,unsat,little,considering,LEAVE
zero,49730,0,50,239403,243,0,2,unsat,little,no,LEAVE
one,147695,219,0,482049,826,24,12,avg,very_high,no,LEAVE
zero,23578,203,25,557182,205,10,1,unsat,very_high,actively_looking_into_it,LEAVE
one,111439,0,0,210604,586,5,11,very_unsat,very_high,perhaps,LEAVE
zero,151933,69,13,721580,758,4,5,unsat,little,no,LEAVE
zero,20878,187,0,412984,246,12,11,very_unsat,little,considering,LEAVE
zero,150278,0,52,276132,897,0,1,very_unsat,avg,actively_looking_into_it,LEAVE
one,42927,0,33,464511,177,1,1,very_unsat,very_high,no,LEAVE
zero,96053,0,24,316675,264,0,4,very_sat,very_high,considering,LEAVE
one,22994,157,69,453359,230,13,1,very_unsat,very_little,actively_looking_into_it,LEAVE
one,122907,257,0,355074,889,1,8,very_unsat,avg,considering,LEAVE
zero,98693,207,80,279919,376,27,1,very_sat,very_high,no,LEAVE
zero,58740,44,0,202764,397,29,2,very_unsat,very_high,actively_looking_into_it,LEAVE
zero,106893,231,6,189574,515,0,5,very_sat,little,actively_looking_into_it,LEAVE
zero,109682,0,49,990602,207,1,4,avg,avg,never_thought,LEAVE
zero,156314,52,12,699627,455,3,6,avg,little,no,LEAVE
one,53333,218,24,338357,257,16,5,very_unsat,little,considering,LEAVE
zero,32070,65,36,202318,245,3,1,very_unsat,high,considering,LEAVE
zero,158780,217,76,917194,736,3,2,unsat,very_high,considering,LEAVE
one,23999,70,88,491960,212,3,1,very_sat,little,considering,LEAVE
zero,46363,156,24,300209,138,5,4,very_sat,high,considering,LEAVE
one,76122,229,57,485252,384,12,1,very_sat,very_high,no,LEAVE
zero,94394,63,0,155710,319,5,15,very_unsat,very_high,considering,LEAVE
zero,130276,0,82,167431,763,1,1,very_unsat,little,actively_looking_into_it,LEAVE
one,98180,0,28,224305,310,1,1,very_unsat,very_high,considering,LEAVE
one,113174,199,9,405590,639,29,6,very_unsat,little,considering,LEAVE
one,39019,167,12,157947,247,15,4,very_unsat,very_little,considering,LEAVE
zero,32298,32,0,296967,197,4,4,very_unsat,high,considering,LEAVE
one,66744,209,27,160319,375,23,6,unsat,avg,no,LEAVE
one,27619,69,0,751375,164,5,9,very_sat,very_high,considering,LEAVE
zero,158633,58,0,286878,793,5,15,unsat,high,actively_looking_into_it,LEAVE
zero,96109,60,15,239569,281,5,5,sat,avg,no,LEAVE
one,70927,168,0,477252,277,24,8,very_unsat,very_high,never_thought,LEAVE
zero,97507,217,44,531121,289,15,2,very_sat,little,actively_looking_into_it,LEAVE
zero,60484,0,51,445238,330,0,1,very_unsat,little,actively_looking_into_it,LEAVE
one,131788,0,0,555724,507,22,10,very_sat,very_high,actively_looking_into_it,LEAVE
one,25878,224,0,216066,199,25,13,very_sat,little,considering,LEAVE
zero,62852,0,57,193001,341,1,1,very_unsat,little,actively_looking_into_it,LEAVE
one,35343,0,22,718459,182,1,5,very_sat,very_little,actively_looking_into_it,LEAVE
one,155919,163,22,468439,630,19,5,avg,little,no,LEAVE
one,133914,195,42,834988,613,19,2,very_unsat,high,actively_looking_into_it,LEAVE
zero,110132,71,74,813929,835,5,1,very_sat,little,no,LEAVE
one,122419,243,80,742918,424,5,2,unsat,avg,no,LEAVE
zero,151932,0,41,377643,610,3,2,very_unsat,little,actively_looking_into_it,LEAVE
one,88888,35,0,275588,360,5,8,unsat,high,considering,LEAVE
zero,29044,52,19,175127,213,5,5,unsat,very_little,no,LEAVE
one,23684,161,0,663926,181,29,12,unsat,little,considering,LEAVE
zero,105192,73,23,377586,738,5,6,avg,very_little,never_thought,LEAVE
zero,133869,0,74,187090,222,0,1,very_sat,very_high,actively_looking_into_it,LEAVE
one,136529,0,0,185265,793,0,9,unsat,very_little,never_thought,LEAVE
zero,148492,0,78,264406,445,1,1,very_unsat,very_little,no,LEAVE
zero,21270,0,0,217530,217,3,13,unsat,high,perhaps,LEAVE
zero,52873,0,53,492791,352,4,1,unsat,little,no,LEAVE
zero,28368,232,38,483698,191,13,2,sat,very_little,considering,LEAVE
zero,30894,68,5,402878,199,5,6,very_sat,very_little,perhaps,LEAVE
one,28966,163,73,264956,150,24,1,very_sat,little,no,LEAVE
one,47645,80,0,958522,148,4,5,very_unsat,very_high,considering,LEAVE
zero,26958,201,46,523797,222,11,2,very_sat,very_little,actively_looking_into_it,LEAVE
zero,118939,221,0,156452,723,10,9,very_unsat,little,considering,LEAVE
zero,69704,0,0,551878,387,0,10,unsat,little,no,LEAVE
zero,48246,233,77,255645,235,1,1,very_sat,little,no,LEAVE
zero,151077,204,8,206887,442,0,5,very_sat,very_little,considering,LEAVE
one,44952,0,0,572146,334,1,10,very_sat,little,considering,LEAVE
zero,104239,0,0,439244,635,0,15,avg,high,perhaps,LEAVE
zero,128501,264,0,234804,443,24,1,very_unsat,little,no,LEAVE
one,149130,191,0,744639,664,25,8,very_sat,little,considering,LEAVE
one,112753,74,18,958752,806,3,4,unsat,high,no,LEAVE
zero,38052,0,77,521639,234,0,2,very_sat,little,considering,LEAVE
zero,32323,53,5,813402,144,3,1,very_unsat,very_high,actively_looking_into_it,LEAVE
one,145731,68,0,368446,749,3,11,very_unsat,avg,actively_looking_into_it,LEAVE
zero,93359,202,13,401367,261,23,4,unsat,very_high,considering,LEAVE
one,100908,204,88,964159,772,28,2,sat,little,no,LEAVE
one,143850,52,10,284597,658,5,5,unsat,little,no,LEAVE
zero,143696,231,15,638526,720,16,6,very_unsat,very_little,perhaps,LEAVE
zero,120331,238,27,256742,706,12,1,very_unsat,very_little,actively_looking_into_it,LEAVE
one,119894,189,0,275896,630,11,9,very_sat,little,considering,LEAVE
zero,74748,71,0,269872,364,4,10,very_sat,little,no,LEAVE
zero,109254,184,0,599733,861,14,13,unsat,little,considering,LEAVE
zero,23157,47,85,982795,132,3,1,very_sat,very_little,considering,LEAVE
one,35483,0,22,810900,142,1,5,very_sat,little,actively_looking_into_it,LEAVE
one,21828,188,87,801794,132,4,1,avg,very_high,considering,LEAVE
zero,126718,61,0,343847,492,4,12,unsat,very_high,actively_looking_into_it,LEAVE
zero,36580,0,63,349872,161,0,1,very_unsat,little,considering,LEAVE
one,142221,233,69,160194,847,10,1,avg,little,considering,LEAVE
zero,40749,0,0,573932,242,0,14,very_unsat,very_high,actively_looking_into_it,LEAVE
zero,66638,179,51,206487,325,27,1,very_unsat,very_high,considering,LEAVE
zero,154434,44,46,760193,674,4,2,very_sat,very_high,considering,LEAVE
one,135093,38,20,610457,609,3,5,very_sat,little,no,LEAVE
zero,83525,246,53,308636,271,27,1,unsat,very_high,no,LEAVE
one,112640,222,34,957660,466,18,1,avg,little,actively_looking_into_it,LEAVE
one,42901,66,0,452655,215,5,12,unsat,high,no,LEAVE
one,158485,0,66,560906,532,0,2,sat,very_little,no,LEAVE
one,102286,183,0,469981,525,14,13,unsat,little,perhaps,LEAVE
zero,78750,191,20,242577,292,28,5,very_unsat,avg,no,LEAVE
one,23372,55,0,686560,211,3,13,very_unsat,very_little,considering,LEAVE
one,44853,0,82,300038,795,13,2,very_sat,very_high,never_thought,LEAVE
zero,66147,0,0,323187,321,1,13,unsat,very_high,considering,LEAVE
zero,81843,226,22,364778,379,11,5,sat,very_little,considering,LEAVE
zero,106655,177,48,446254,706,16,1,very_unsat,little,actively_looking_into_it,LEAVE
zero,88650,0,0,277232,350,0,9,very_sat,little,considering,LEAVE
zero,115579,59,69,939873,454,28,1,very_sat,very_little,considering,LEAVE
zero,37785,203,0,262475,184,12,11,very_sat,very_little,actively_looking_into_it,LEAVE
zero,22294,260,51,847213,242,14,5,very_unsat,little,actively_looking_into_it,LEAVE
one,44611,56,13,185715,202,3,5,sat,little,actively_looking_into_it,LEAVE
one,45794,65,0,267794,194,3,2,very_unsat,very_high,considering,LEAVE
zero,150046,193,13,550588,517,17,4,very_unsat,very_high,no,LEAVE
zero,41938,195,0,243128,213,15,11,unsat,very_high,actively_looking_into_it,LEAVE
one,21220,70,24,362960,148,3,4,unsat,little,actively_looking_into_it,LEAVE
zero,87946,165,6,393669,367,20,4,very_unsat,very_little,considering,LEAVE
one,32950,179,0,439456,217,14,4,very_unsat,very_high,perhaps,LEAVE
one,36838,237,0,244398,212,16,12,avg,little,actively_looking_into_it,LEAVE
one,109808,170,0,192820,465,15,10,very_sat,little,no,LEAVE
zero,31181,151,10,415951,198,28,4,very_unsat,very_high,actively_looking_into_it,LEAVE
zero,151395,0,0,815864,751,5,13,unsat,little,no,LEAVE
zero,83347,57,10,443309,263,4,5,very_sat,little,never_thought,LEAVE
one,88819,170,10,329735,278,25,5,very_unsat,very_high,considering,LEAVE
zero,76843,47,75,668033,369,3,2,very_sat,very_little,actively_looking_into_it,LEAVE
zero,139882,196,24,776070,708,16,6,very_unsat,very_high,considering,LEAVE
one,98591,209,21,404095,327,16,4,unsat,very_little,no,LEAVE
one,67347,74,9,337572,344,5,6,avg,very_high,no,LEAVE
one,55696,61,43,950707,362,4,2,very_unsat,very_high,actively_looking_into_it,LEAVE
one,136465,167,0,761473,619,5,14,unsat,little,considering,LEAVE
zero,27089,52,56,281950,184,3,14,very_unsat,very_high,actively_looking_into_it,LEAVE
zero,47451,166,17,282251,381,12,1,unsat,little,no,LEAVE
zero,40218,241,49,353968,243,14,1,very_sat,little,never_thought,LEAVE
one,63168,156,17,212695,321,13,4,sat,little,actively_looking_into_it,LEAVE
zero,95589,221,14,333835,351,4,8,sat,very_high,no,LEAVE
one,93375,206,30,417554,302,13,1,avg,little,no,LEAVE
one,130426,60,61,999018,223,28,1,avg,very_little,perhaps,LEAVE
one,157487,71,9,180068,578,3,5,very_unsat,very_high,perhaps,LEAVE
one,24002,39,0,598104,168,5,12,very_unsat,very_high,actively_looking_into_it,LEAVE
one,90259,41,14,959818,388,3,5,unsat,very_little,never_thought,LEAVE
zero,58077,0,0,771108,352,0,11,very_unsat,high,considering,LEAVE
zero,36979,0,69,977095,554,0,2,very_unsat,very_little,considering,LEAVE
one,104705,0,7,281334,735,0,2,unsat,very_little,considering,LEAVE
one,117911,213,17,290514,515,12,2,very_unsat,little,no,LEAVE
zero,87906,0,0,288091,345,1,14,unsat,avg,never_thought,LEAVE
zero,150073,28,0,332070,812,5,11,unsat,avg,considering,LEAVE
one,29288,0,82,424099,199,0,1,unsat,high,considering,LEAVE
one,138724,56,0,216355,720,3,10,very_sat,little,considering,LEAVE
zero,68167,0,78,153145,262,1,2,unsat,little,considering,LEAVE
one,142422,179,13,579963,773,28,5,very_sat,very_high,perhaps,LEAVE
zero,36846,53,29,540583,201,4,2,very_unsat,very_high,actively_looking_into_it,LEAVE
one,33177,0,49,863894,213,1,1,very_unsat,little,perhaps,LEAVE
one,33227,200,16,484373,228,27,6,very_unsat,little,actively_looking_into_it,LEAVE
zero,81265,158,8,410502,276,25,5,very_sat,very_high,perhaps,LEAVE
zero,138478,61,0,156603,588,4,13,very_unsat,little,considering,LEAVE
zero,51083,24,0,197681,282,4,9,very_sat,little,considering,LEAVE
zero,63407,90,0,215904,384,4,13,unsat,very_high,actively_looking_into_it,LEAVE
zero,44069,69,13,190811,190,3,4,very_unsat,high,actively_looking_into_it,LEAVE
zero,132005,62,36,499877,561,3,2,unsat,very_little,no,LEAVE
one,127455,76,18,570866,602,3,5,avg,avg,never_thought,LEAVE
one,25203,45,59,576847,168,0,2,very_unsat,very_high,actively_looking_into_it,LEAVE
one,138517,67,7,233892,667,5,4,avg,avg,actively_looking_into_it,LEAVE
one,134790,205,9,366161,546,20,4,very_unsat,high,actively_looking_into_it,LEAVE
zero,30252,85,13,879382,209,3,14,very_sat,avg,considering,LEAVE
one,33623,62,5,558915,231,3,5,unsat,little,considering,LEAVE
zero,60483,80,16,399286,269,5,5,very_unsat,very_little,considering,LEAVE
one,84440,175,20,833991,275,29,4,unsat,very_high,actively_looking_into_it,LEAVE
zero,64270,237,17,552326,273,10,6,very_unsat,little,no,LEAVE
zero,148343,215,0,726841,171,18,15,very_sat,little,considering,LEAVE
